--
-- PostgreSQL database dump
--

-- Dumped from database version 14.12 (Ubuntu 14.12-0ubuntu0.22.04.1)
-- Dumped by pg_dump version 14.12 (Ubuntu 14.12-0ubuntu0.22.04.1)

SET statement_timeout = 0;
SET lock_timeout = 0;
SET idle_in_transaction_session_timeout = 0;
SET client_encoding = 'UTF8';
SET standard_conforming_strings = on;
SELECT pg_catalog.set_config('search_path', '', false);
SET check_function_bodies = false;
SET xmloption = content;
SET client_min_messages = warning;
SET row_security = off;

--
-- Name: postgis; Type: EXTENSION; Schema: -; Owner: -
--

CREATE EXTENSION IF NOT EXISTS postgis WITH SCHEMA public;


--
-- Name: EXTENSION postgis; Type: COMMENT; Schema: -; Owner: 
--

COMMENT ON EXTENSION postgis IS 'PostGIS geometry and geography spatial types and functions';


--
-- Name: create_appointment(date, time without time zone, integer, text); Type: PROCEDURE; Schema: public; Owner: postgres
--

CREATE PROCEDURE public.create_appointment(IN p_date date, IN p_time time without time zone, IN p_procedure integer, IN p_pi text)
    LANGUAGE plpgsql
    AS $$
DECLARE
  v_current_date DATE := CURRENT_DATE;
  v_new_appointment_id INT;
BEGIN

  INSERT INTO appointments ("id institution procedure", date, time)
  VALUES (p_procedure, p_date, p_time)
  RETURNING id INTO v_new_appointment_id;

  INSERT INTO userappointments (pi, "id appointment")
  VALUES (p_pi, v_new_appointment_id);

  RAISE NOTICE 'Appointment created with ID % on %', v_new_appointment_id, v_current_date;
END;
$$;


ALTER PROCEDURE public.create_appointment(IN p_date date, IN p_time time without time zone, IN p_procedure integer, IN p_pi text) OWNER TO postgres;

--
-- Name: update_rating(); Type: FUNCTION; Schema: public; Owner: postgres
--

CREATE FUNCTION public.update_rating() RETURNS trigger
    LANGUAGE plpgsql
    AS $$
declare total_ratings numeric;
declare all_rates numeric;
BEGIN
    select into total_ratings count(*) from user_rating where id_institution = new.id_institution;
   	if total_ratings = 0 then
   	  update intitutions set rating = new.rating where id_institutions = new.id_institution;
   	else
   	  select into all_rates sum(rating) from user_rating where id_institution = new.id_institution;
   	  update intitutions set rating = all_rates/total_ratings where id_institutions = new.id_institution;  
   	end if;
    RETURN NEW;
END;
$$;


ALTER FUNCTION public.update_rating() OWNER TO postgres;

SET default_tablespace = '';

SET default_table_access_method = heap;

--
-- Name: appointments; Type: TABLE; Schema: public; Owner: postgres
--

CREATE TABLE public.appointments (
    "id institution procedure" integer,
    date date,
    "time" time with time zone,
    id integer NOT NULL
);


ALTER TABLE public.appointments OWNER TO postgres;

--
-- Name: appointments_id_seq; Type: SEQUENCE; Schema: public; Owner: postgres
--

CREATE SEQUENCE public.appointments_id_seq
    AS integer
    START WITH 1
    INCREMENT BY 1
    NO MINVALUE
    NO MAXVALUE
    CACHE 1;


ALTER TABLE public.appointments_id_seq OWNER TO postgres;

--
-- Name: appointments_id_seq; Type: SEQUENCE OWNED BY; Schema: public; Owner: postgres
--

ALTER SEQUENCE public.appointments_id_seq OWNED BY public.appointments.id;


--
-- Name: conversations; Type: TABLE; Schema: public; Owner: postgres
--

CREATE TABLE public.conversations (
    "id conversation" integer NOT NULL,
    name character varying,
    date date,
    id_institution integer
);


ALTER TABLE public.conversations OWNER TO postgres;

--
-- Name: documents; Type: TABLE; Schema: public; Owner: postgres
--

CREATE TABLE public.documents (
    id_document integer NOT NULL,
    name character varying(120),
    description text
);


ALTER TABLE public.documents OWNER TO postgres;

--
-- Name: institutionsprocedures; Type: TABLE; Schema: public; Owner: postgres
--

CREATE TABLE public.institutionsprocedures (
    "id institution procedure" integer NOT NULL,
    "id procedure" integer,
    "id intitution" integer
);


ALTER TABLE public.institutionsprocedures OWNER TO postgres;

--
-- Name: intitutions; Type: TABLE; Schema: public; Owner: postgres
--

CREATE TABLE public.intitutions (
    id_institutions integer NOT NULL,
    name character varying(1000),
    adress character varying(1000),
    hora_apertura time without time zone,
    telefono character varying(20),
    hora_cierre time without time zone,
    coordenadas public.geometry(Point),
    rating double precision DEFAULT 0.0,
    imagen text
);


ALTER TABLE public.intitutions OWNER TO postgres;

--
-- Name: messages; Type: TABLE; Schema: public; Owner: postgres
--

CREATE TABLE public.messages (
    content character varying,
    date date DEFAULT CURRENT_TIMESTAMP,
    pi character varying(50),
    conversation_id integer,
    id_message integer NOT NULL
);


ALTER TABLE public.messages OWNER TO postgres;

--
-- Name: messages_id_message_seq; Type: SEQUENCE; Schema: public; Owner: postgres
--

CREATE SEQUENCE public.messages_id_message_seq
    AS integer
    START WITH 1
    INCREMENT BY 1
    NO MINVALUE
    NO MAXVALUE
    CACHE 1;


ALTER TABLE public.messages_id_message_seq OWNER TO postgres;

--
-- Name: messages_id_message_seq; Type: SEQUENCE OWNED BY; Schema: public; Owner: postgres
--

ALTER SEQUENCE public.messages_id_message_seq OWNED BY public.messages.id_message;


--
-- Name: procedures; Type: TABLE; Schema: public; Owner: postgres
--

CREATE TABLE public.procedures (
    id integer NOT NULL,
    name text NOT NULL,
    description text NOT NULL,
    pasos character varying[]
);


ALTER TABLE public.procedures OWNER TO postgres;

--
-- Name: proceduresdocuments; Type: TABLE; Schema: public; Owner: postgres
--

CREATE TABLE public.proceduresdocuments (
    "Id procedure document" integer NOT NULL,
    "id preocedure" integer,
    "id documents" integer
);


ALTER TABLE public.proceduresdocuments OWNER TO postgres;

--
-- Name: roles; Type: TABLE; Schema: public; Owner: postgres
--

CREATE TABLE public.roles (
    id_role integer NOT NULL,
    name character varying(50)
);


ALTER TABLE public.roles OWNER TO postgres;

--
-- Name: roles_id_role_seq; Type: SEQUENCE; Schema: public; Owner: postgres
--

CREATE SEQUENCE public.roles_id_role_seq
    AS integer
    START WITH 1
    INCREMENT BY 1
    NO MINVALUE
    NO MAXVALUE
    CACHE 1;


ALTER TABLE public.roles_id_role_seq OWNER TO postgres;

--
-- Name: roles_id_role_seq; Type: SEQUENCE OWNED BY; Schema: public; Owner: postgres
--

ALTER SEQUENCE public.roles_id_role_seq OWNED BY public.roles.id_role;


--
-- Name: statistics; Type: TABLE; Schema: public; Owner: postgres
--

CREATE TABLE public.statistics (
    "id statistic" integer NOT NULL,
    "id institution procedure" integer,
    "time" time with time zone
);


ALTER TABLE public.statistics OWNER TO postgres;

--
-- Name: user_rating; Type: TABLE; Schema: public; Owner: postgres
--

CREATE TABLE public.user_rating (
    user_pi character varying(50),
    id_institution integer,
    rating double precision
);


ALTER TABLE public.user_rating OWNER TO postgres;

--
-- Name: userappointments; Type: TABLE; Schema: public; Owner: postgres
--

CREATE TABLE public.userappointments (
    pi character varying(50),
    "id appointment" integer,
    id integer NOT NULL
);


ALTER TABLE public.userappointments OWNER TO postgres;

--
-- Name: userappointments_id_seq; Type: SEQUENCE; Schema: public; Owner: postgres
--

CREATE SEQUENCE public.userappointments_id_seq
    AS integer
    START WITH 1
    INCREMENT BY 1
    NO MINVALUE
    NO MAXVALUE
    CACHE 1;


ALTER TABLE public.userappointments_id_seq OWNER TO postgres;

--
-- Name: userappointments_id_seq; Type: SEQUENCE OWNED BY; Schema: public; Owner: postgres
--

ALTER SEQUENCE public.userappointments_id_seq OWNED BY public.userappointments.id;


--
-- Name: userroles; Type: TABLE; Schema: public; Owner: postgres
--

CREATE TABLE public.userroles (
    id_user_role integer NOT NULL,
    id_role integer,
    pi character varying(50)
);


ALTER TABLE public.userroles OWNER TO postgres;

--
-- Name: userroles_id_user_role_seq; Type: SEQUENCE; Schema: public; Owner: postgres
--

CREATE SEQUENCE public.userroles_id_user_role_seq
    AS integer
    START WITH 1
    INCREMENT BY 1
    NO MINVALUE
    NO MAXVALUE
    CACHE 1;


ALTER TABLE public.userroles_id_user_role_seq OWNER TO postgres;

--
-- Name: userroles_id_user_role_seq; Type: SEQUENCE OWNED BY; Schema: public; Owner: postgres
--

ALTER SEQUENCE public.userroles_id_user_role_seq OWNED BY public.userroles.id_user_role;


--
-- Name: users; Type: TABLE; Schema: public; Owner: postgres
--

CREATE TABLE public.users (
    pi character varying(50) NOT NULL,
    name character varying(255),
    lastname character varying(255),
    password character varying(200),
    age integer,
    type_user character varying(30)
);


ALTER TABLE public.users OWNER TO postgres;

--
-- Name: appointments id; Type: DEFAULT; Schema: public; Owner: postgres
--

ALTER TABLE ONLY public.appointments ALTER COLUMN id SET DEFAULT nextval('public.appointments_id_seq'::regclass);


--
-- Name: messages id_message; Type: DEFAULT; Schema: public; Owner: postgres
--

ALTER TABLE ONLY public.messages ALTER COLUMN id_message SET DEFAULT nextval('public.messages_id_message_seq'::regclass);


--
-- Name: roles id_role; Type: DEFAULT; Schema: public; Owner: postgres
--

ALTER TABLE ONLY public.roles ALTER COLUMN id_role SET DEFAULT nextval('public.roles_id_role_seq'::regclass);


--
-- Name: userappointments id; Type: DEFAULT; Schema: public; Owner: postgres
--

ALTER TABLE ONLY public.userappointments ALTER COLUMN id SET DEFAULT nextval('public.userappointments_id_seq'::regclass);


--
-- Name: userroles id_user_role; Type: DEFAULT; Schema: public; Owner: postgres
--

ALTER TABLE ONLY public.userroles ALTER COLUMN id_user_role SET DEFAULT nextval('public.userroles_id_user_role_seq'::regclass);


--
-- Data for Name: appointments; Type: TABLE DATA; Schema: public; Owner: postgres
--

COPY public.appointments ("id institution procedure", date, "time", id) FROM stdin;
2	2024-08-02	14:30:00-06	1
1	2024-08-20	14:30:00-06	2
1	2024-08-20	14:30:00-06	3
1	2024-08-20	14:30:00-06	4
1	2024-08-29	02:05:00-06	5
1	2024-08-29	02:05:00-06	6
1	2024-08-29	02:05:00-06	7
1	2024-08-29	02:05:00-06	8
1	2024-08-29	02:05:00-06	9
1	2024-08-29	02:05:00-06	10
1	2024-08-21	01:39:00-06	11
1	2024-08-21	01:39:00-06	12
1	2024-09-04	01:40:00-06	13
1	2024-08-14	02:13:00-06	14
37	2024-08-21	02:13:00-06	15
1	2024-08-23	18:08:00-06	16
1	2024-08-23	19:54:00-06	17
1	2024-08-09	23:26:00-06	18
1	2024-08-13	23:29:00-06	19
\.


--
-- Data for Name: conversations; Type: TABLE DATA; Schema: public; Owner: postgres
--

COPY public.conversations ("id conversation", name, date, id_institution) FROM stdin;
1	Conversación 1	2024-04-19	1
2	Conversación 2	2024-04-20	2
3	Conversacion 3	2024-04-10	3
4	Conversacion 4	2024-04-10	4
13	Conversacion 13	2024-04-10	13
35	Conversacion 35	2024-04-10	35
5	Conversacion 5	2024-04-10	5
6	Conversacion 6	2024-04-10	6
7	Conversacion 7	2024-04-10	7
8	Conversacion 8	2024-04-10	8
9	Conversacion 9	2024-04-10	9
10	Conversacion 10	2024-04-10	10
11	Conversacion 11	2024-04-10	11
12	Conversacion 12	2024-04-10	12
14	Conversacion 14	2024-04-10	14
15	Conversacion 15	2024-04-10	15
16	Conversacion 16	2024-04-10	16
17	Conversacion 17	2024-04-10	17
18	Conversacion 18	2024-04-10	18
19	Conversacion 19	2024-04-10	19
20	Conversacion 20	2024-04-10	20
21	Conversacion 21	2024-04-10	21
22	Conversacion 22	2024-04-10	22
23	Conversacion 23	2024-04-10	23
24	Conversacion 24	2024-04-10	24
25	Conversacion 25	2024-04-10	25
26	Conversacion 26	2024-04-10	26
27	Conversacion 27	2024-04-10	27
28	Conversacion 28	2024-04-10	28
29	Conversacion 29	2024-04-10	29
30	Conversacion 30	2024-04-10	30
31	Conversacion 31	2024-04-10	31
32	Conversacion 32	2024-04-10	32
33	Conversacion 33	2024-04-10	33
34	Conversacion 34	2024-04-10	34
36	Conversacion 36	2024-04-10	36
37	Conversacion 37	2024-04-10	37
38	Conversacion 38	2024-04-10	38
39	Conversacion 39	2024-04-10	39
40	Conversacion 40	2024-04-10	40
41	Conversacion 41	2024-04-10	41
42	Conversacion 42	2024-04-10	42
43	Conversacion 43	2024-04-10	43
44	Conversacion 44	2024-04-10	44
45	Conversacion 45	2024-04-10	45
\.


--
-- Data for Name: documents; Type: TABLE DATA; Schema: public; Owner: postgres
--

COPY public.documents (id_document, name, description) FROM stdin;
1	DPI	Documento personal de identificacion
2	Partida de nacimiento	Certifica el nacimiento de una persona.
3	Certificado de matrimonio	Certifica el matrimonio de una pareja.
4	Certificado de defunción	Certifica el fallecimiento de una persona.
5	Pasaporte	Documento de viaje internacional.
6	Cédula de vecindad	Acredita la residencia en un municipio.
7	Certificado de antecedentes penales	Certifica los antecedentes penales de una persona.
8	Certificado de soltería	Certifica que una persona está soltera.
9	Certificado de estudios	Acredita los estudios realizados en instituciones educativas.
10	Certificado de propiedad	Documento necesario para trámites relacionados con bienes raíces.
11	Licencia de conducir	Documento que autoriza a conducir vehículos.
12	Certificado médico	Documento emitido por un profesional de la salud que certifica el estado de salud de una persona.
13	Título universitario	Certifica la finalización de estudios universitarios en una carrera específica.
14	Certificado de trabajo	Documento que certifica la relación laboral de una persona con una empresa.
15	Tarjeta de crédito	Instrumento de pago emitido por una entidad financiera.
16	Permiso de construcción	Autorización para llevar a cabo actividades de construcción.
17	Permiso de residencia	Documento que autoriza la residencia legal en un país.
18	Acta de divorcio	Certifica el fin legal de un matrimonio.
19	Certificado de vacunación	Documento que registra las vacunas administradas a una persona.
20	Título de propiedad de vehículo	Documento que acredita la propiedad de un vehículo.
21	Pasaporte diplomático	Documento de viaje emitido a diplomáticos y otros funcionarios gubernamentales.
22	Tarjeta de débito	Instrumento de pago ligado a una cuenta bancaria que permite realizar transacciones y pagos.
23	Permiso de trabajo	Autorización legal para ejercer una actividad laboral en un país.
24	Certificado de matrimonio civil	Documento que certifica el matrimonio contraído ante una autoridad civil.
25	Certificado de propiedad intelectual	Documento que protege los derechos de propiedad sobre una creación intelectual.
26	Registro sanitario	Autorización oficial para la comercialización y distribución de productos de salud.
27	Certificado de origen	Documento que certifica el país de origen de un producto.
28	Escritura pública	Documento notarial que otorga validez jurídica a actos y contratos.
29	Contrato de arrendamiento	Acuerdo legal que establece las condiciones de alquiler de una propiedad.
30	Certificado fitosanitario	Documento que certifica la calidad sanitaria de productos agrícolas.
31	Registro de marca comercial	Registro oficial que protege una marca comercial y sus derechos de propiedad.
32	Permiso de exportación	Autorización para enviar productos fuera del país.
33	Certificado de herencia	Documento que certifica la distribución de bienes tras el fallecimiento de una persona.
34	Permiso de pesca	Autorización para ejercer actividades de pesca en determinadas áreas.
35	Registro de patente	Registro oficial que protege una invención o descubrimiento.
37	Certificado de calidad ISO	Certificación que garantiza que una organización cumple con estándares de calidad internacionales.
38	Título de propiedad rural	Documento que acredita la propiedad de tierras rurales.
39	Certificado de registro de vehículo	Documento que registra legalmente la propiedad y características de un vehículo.
40	Contrato de compraventa	Acuerdo legal que establece la transferencia de propiedad de un bien a cambio de un pago.
41	Permiso de residencia temporal	Autorización legal para residir temporalmente en un país.
42	Permiso de trabajo temporal	Autorización legal para ejercer una actividad laboral de manera temporal en un país.
43	Certificado de origen preferencial	Documento que certifica el origen de un producto para acceder a beneficios arancelarios.
44	Contrato de servicios	Acuerdo legal que establece la prestación de servicios a cambio de una compensación.
45	Permiso de caza	Autorización para ejercer actividades de caza en áreas específicas.
46	Certificado de garantía	Documento que garantiza la calidad y funcionamiento de un producto o servicio.
47	Registro de derechos de autor	Registro oficial que protege los derechos de autor sobre una obra literaria, artística o científica.
48	Permiso de publicación	Autorización para publicar obras protegidas por derechos de autor.
49	Contrato de alquiler de equipo	Acuerdo legal que establece el alquiler de equipo o maquinaria por un período determinado.
50	Certificado de conformidad	Documento que certifica que un producto o servicio cumple con requisitos específicos.
\.


--
-- Data for Name: institutionsprocedures; Type: TABLE DATA; Schema: public; Owner: postgres
--

COPY public.institutionsprocedures ("id institution procedure", "id procedure", "id intitution") FROM stdin;
1	1	1
2	5	1
3	102	2
4	35	3
5	76	4
6	23	5
7	67	8
8	43	12
9	115	5
10	89	22
11	7	31
12	56	16
13	124	9
14	32	38
15	98	41
16	14	19
17	77	25
18	131	11
19	2	36
20	53	7
21	112	29
22	86	14
23	39	40
24	105	20
25	68	3
26	19	42
27	15	18
28	5	6
29	11	33
30	7	10
31	20	27
32	4	21
33	18	39
34	3	15
35	12	4
36	2	43
37	1	35
38	2	8
39	9	19
40	18	23
41	1	13
42	4	24
43	6	37
44	14	30
45	3	1
\.


--
-- Data for Name: intitutions; Type: TABLE DATA; Schema: public; Owner: postgres
--

COPY public.intitutions (id_institutions, name, adress, hora_apertura, telefono, hora_cierre, coordenadas, rating, imagen) FROM stdin;
31	Oficina Tributaria Sololá	10 calle y 5 Avenida, zona 1, Sololá, Sololá.	\N	\N	\N	\N	0	\N
32	Delegación Tributaria Panajachel	Calle Principal. 2-59 zona 2, Panajachel, Sololá.	\N	\N	\N	\N	0	\N
33	Oficina Tributaria Totonicapán	8 avenida y 7 calle, zona 3 Totonicapán, Totonicapán.	\N	\N	\N	\N	0	\N
34	Oficina Tributaria San Marcos	7ma avenida “A” 10-04 zona 1 San Marcos, San Marcos.	\N	\N	\N	\N	0	\N
36	Delegación Tributaria El Carmen	Kilómetro 290 Carretera Centroamericana CA-2-OCC, Aldea El Carmen, Frontera Malacatán, San Marcos.	\N	\N	\N	\N	0	\N
37	Delegación Tributaria Tecún Umán II	Kilómetro 251 Carretera, Aduana Tecún Umán II, Aldea El Triunfo, Ayutla, San Marcos	\N	\N	\N	\N	0	\N
38	Sede Región Sur	3a Av. 8-32, Zona 1, Escuintla.	\N	\N	\N	\N	0	\N
39	Oficina Tributaria Escuintla	4 Avenida 15-64 Zona 1, Local 41 Nivel 2, Centro Comercial Mary Center , Escuintla	\N	\N	\N	\N	0	\N
40	Agencia Tributaria Santa Lucía Cotzumalguapa	03 Avenida 4-10 zona 1, Santa Lucía Cotzumalguapa, Escuintla.	\N	\N	\N	\N	0	\N
41	Oficina Tributaria Retalhuleu	Centro Comercial Paseo Las Palmas Locales del 19 al 23, Avenida Circunvalación 8-30 zona 6.	\N	\N	\N	\N	0	\N
42	Oficina Tributaria Jutiapa	6ta. Calle 5-13, zona 1, Barrio Latino, Jutiapa.	\N	\N	\N	\N	0	\N
43	Oficina Tributaria Santa Rosa	2a. Avenida 5a Calle Zona 1, Frente al Parque Central, Barrio El Centro, Santa Rosa, Cuilapa.	\N	\N	\N	\N	0	\N
44	Oficina Tributaria Suchitepéquez	7a Av. 7-01, Zona 1, Mazatenango, Suchitepéquez.	\N	\N	\N	\N	0	\N
45	Agencia Tributaria Mazatenango	Centro Comercial Plaza las América Millenium, locales 204 y 205 segundo nivel kilómetro 158 Mazatenango, Suchitepéquez.	\N	\N	\N	\N	0	\N
8	Agencia Tributaria Montserrat	Centro Comercial Montserrat, 2do Nivel, Locales 56 A,B, y C, zona 4 de Mixco.	08:00:00	+502 23297070	16:00:00	0101000000ADB1888E9D482D4049C527C259A456C0	0	https://lh5.googleusercontent.com/p/AF1QipOVCOGCwEaItfPiv1Yly7efbx0tn4Pcb8G01_Db=w426-h240-k-no
10	Agencia Tributaria Carretera a El Salvador	Kilómetro 18.5 C.C. Portal Solé, Carretera a El Salvador.	08:00:00	\N	16:00:00	01010000002BC5DD19790F2D40F5CDAF8CC79D56C0	0	https://lh5.googleusercontent.com/p/AF1QipPtiGQjlBJylCbgkqnmhKzNSmuQDk7O031E92qG=w408-h544-k-no
7	Agencia Tributaria Pacific Villa Hermosa	23 calle 20-00, zona 7, San Miguel Petapa, Villa Hermosa I, Centro Comercial Pacific Villa Hermosa, 2do.	08:00:00	+502 55102997	16:00:00	0101000000F96D7AE90F0D2D40E4C53FF96EA356C0	0	https://lh5.googleusercontent.com/p/AF1QipOU7ZPO31kwQ4_cTIH0P91rUXgN-ZIMxn1UohEd=w408-h544-k-no
3	Agencia Tributaria No. 01	26 calle 7-25 zona 11, Interior Aduana Central, Colonia Granai Townson 2, Parque Global 3, Guatemala, Guatemala.	08:00:00	\N	16:00:00	0101000000ED002FEDBC402D4084E6F86341A356C0	0	\N
5	Ventanilla Anexa a la Agencia Tributaria Dubai en el Edificio El Jade (especies fiscales y papel protocolo)	7 Avenida entre10 y 9 calle zona 9.	08:00:00	\N	16:00:00	0101000000F2F6218BD4322D4047C990A2F7A056C0	0	https://lh5.googleusercontent.com/p/AF1QipPsG0rcw4SXiQKKpwOqI7QVY-KHPOF2fS566D0f=w408-h725-k-no
27	Oficina Tributaria Quetzaltenango	13 avenida y 7 calle esquina, zona 1, Quetzaltenango, Quetzaltenango.	08:00:00	+502 23297070	16:00:00	\N	0	\N
2	Agencia Tributaria zona 09	7a. Av. 3-73, Zona 9, Lobby (1er. Nivel), Edificio Torre SAT, Guatemala, Guatemala.	08:00:00	+502 23297070	16:00:00	01010000003D02FBF0CE382D407D56330E0FA156C0	0	https://lh5.googleusercontent.com/p/AF1QipOuO5d4QbnRN7YXtrqKmPCnntsYsOSVFsNDHQiH=w408-h271-k-no
12	Recepción de Documentos	7a avenida 3-73 zona 9, Edificio Torre SAT, 1er. Nivel.	08:00:00	+502 23297070	16:00:00	0101000000F2ED5D7EA3382D40B4ACC99E11A156C0	0	https://maps.gstatic.com/tactile/pane/default_geocode-1x.png
19	Oficina Tributaria Alta Verapaz	2da. Calle 6-54 Zona 1 Coban, Alta Verapaz	08:00:00	+502 23297070	16:00:00	0101000000F32ABB4A13F12E40B09C3A38399856C0	0	https://lh5.googleusercontent.com/p/AF1QipNMqLPEVziJ5ng8T-fRd8pF84LeaJupql7NFOIQ=w426-h240-k-no
15	Oficina Tributaria Sacatepéquez	Finca Pavón, Lote No. 1, Antigua Guatemala, Sacatepéquez.	08:00:00	\N	16:00:00	0101000000620158232E182D40F0F827B69EAF56C0	0	https://lh5.googleusercontent.com/p/AF1QipNBipdKoHKFyISndLqEZ4-G0fF6DMAGP897zAmp=w408-h544-k-no
13	Oficina Tributaria Chimaltenango	2 calle 1-34 zona 3, Chimaltenango, Chimaltenango.	08:00:00	+502 23297070	16:00:00	0101000000C66B024DC6522D4047D969AD75B456C0	0	https://lh5.googleusercontent.com/p/AF1QipMCzTaFiT5Kk8UKEOfbFgRlkTBJHISAtJBa9R2l=w408-h544-k-no
17	Oficina Tributaria Zacapa	3a. Calle 14-36 Zona 1 Zacapa	08:00:00	+502 23297070	16:00:00	0101000000A6CEC8B5A7F22D40D4ABAF59F66156C0	0	https://lh5.googleusercontent.com/p/AF1QipNso5q0vYMrIMb-mojm9Zrz-dXeM6tuQJ-CRbeV=w426-h240-k-no
20	Oficina Tributaria Jalapa	6a. Avenida y Calle Transito Rojas Zona 6 Jalapa, Jalapa.	08:00:00	+502 23297070	16:00:00	010100000011E7F92529452D40B58C75C3C67E56C0	0	https://lh5.googleusercontent.com/p/AF1QipOqAl-csfVjXFvJpwFtUFfJoyUkto_Si5BaWgZD=w410-h240-k-no
22	Agencia Tributaria Poptún	7a. Avenida 10-12 Zona 1 Barrio El Centro Poptún, Petén	08:00:00	+502 23297070	16:00:00	0101000000991217CFCE533040122B23EBF55A56C0	0	https://lh5.googleusercontent.com/p/AF1QipOYvnrHINt9XHRAPHKTKX_BZqYnoNO9ePim3WnG=w426-h240-k-no
23	Oficina Tributaria Izabal	9a. Calle y 1a. Avenida final Barrio las Champas, Puerto Barrios, Izabal.	08:00:00	+502 23297070	16:00:00	0101000000CC1528B5EAF42E4043CEE849C13456C0	0	https://lh5.googleusercontent.com/p/AF1QipMlYvlZFo82jGKMC4h3swxYxAvsgyTSSVRoisvB=w408-h306-k-no
25	Oficina Tributaria Chiquimula	3a. Calle 6-21 Zona 1 Chiquimula.	08:00:00	+502 23297070	16:00:00	010100000023AEA5931E9A2D40F9ABC460F66256C0	0	https://lh5.googleusercontent.com/p/AF1QipOwWcJ5SL9rYBejBM3uLR212csiET3k5UriNHTG=w408-h306-k-no
26	Delegación Esquipulas	3a. Avenida 6-26 Zona 1 Esquipulas, Chiquimula.	08:00:00	+502 23297070	16:00:00	\N	3.3333333333333335	\N
29	Oficina Tributaria Huehuetenango	4 avenida “A”, 2-45 zona 1, Huehuetenango, Huehuetenango.	08:00:00	+502 77641206	16:00:00	\N	0	\N
35	Agencia Tributaria Malacatan	6 Calle, Zona 1, Cantón San Miguel, Malacatan San Marcos.	\N	\N	\N	\N	0	https://lh5.googleusercontent.com/p/AF1QipN0-BfQVabHcmpr_Co7YUFFvH2ox6VHPcj1HPxL=w408-h725-k-no
28	Agencia Tributaria Coatepeque	3 Avenida, 9-74 zona 2, primer nivel locales 11 al 16 Centro Comercial Internacional Coatepeque, Quetzaltenango	08:00:00	+502 77754002	16:00:00	\N	0	\N
30	Oficina Tributaria Quiché	0 avenida, 1-24 zona 1, Santa Cruz del Quiche, Quiche.	08:00:00	+502 77553143	16:00:00	\N	0	\N
4	Agencia Tributaria No. 02	2a. Avenida 4-17 zona 10 edificio Ministerio de Relaciones Exteriores.	08:00:00	+502 24100000	16:00:00	01010000007BB6585144382D402CDD263BE3A056C0	0	https://encrypted-tbn0.gstatic.com/images?q=tbn:ANd9GcRjNVWoIMZydYk-4MhcDKECuARwF6a-4mYOX4t3ZZkcyQ&s
6	Agencia Tributaria San Rafael	Kilómetro 7.5 carretera al Atlántico Centro Comercial Plaza San Rafael Local 108 primer Nivel, Guatemala, Guatemala	08:00:00	+502 23297070	16:00:00	010100000000F17B7D094F2D40C9E9827C379D56C0	0	https://lh5.googleusercontent.com/p/AF1QipNbcUu9YZvynJMp8gKfOZvT2nNygbpZtWZ0g9uZ=w408-h306-k-no
9	Agencia Tributaria Dubai	13 Calle 1a. avenida zona 10, Edifício Dubai Center.	08:00:00	+502 23297070	16:00:00	01010000008A21E28512332D40ABDECFF0F5A056C0	0	https://lh5.googleusercontent.com/p/AF1QipNXoDE8l-WIXnn9ZBrwMvPiNG_AaXF-wtahKe_N=w408-h306-k-no
11	Delegación Registro Mercantil	7a. avenida 7-61 zona 4, Guatemala, Guatemala.	08:00:00	\N	16:00:00	0101000000BD2F80B23B3B2D40AC48CD4E02A156C0	0	https://lh5.googleusercontent.com/p/AF1QipPJ78EG40jMBX3TcM0lnHcYwIbBRehHWJK8ba3g=w408-h725-k-no
14	Oficina Tributaria El Progreso	3a. avenida entre 5a. y 6a. calle, Barrio las Joyas Guastatoya, El Progreso.	08:00:00	+502 23297070	16:00:00	01010000009A0CE01068B42D4005F2F82A818456C0	0	https://maps.gstatic.com/tactile/pane/default_geocode-1x.png
16	Delegación Zona 10	13 Calle 1a. avenida zona 10, Edifício Dubai Center, Nivel 12, Oficina 1202	08:00:00	\N	16:00:00	010100000009E800DB11332D407E62872AF9A056C0	0	https://streetviewpixels-pa.googleapis.com/v1/thumbnail?panoid=UPICHSHoow5cP2vFPkwxag&cb_client=search.gws-prod.gps&w=408&h=240&yaw=99.59645&pitch=0&thumbfov=100
18	Oficina Tributaria Baja Verapaz	8a. Avenida 6-44 Zona 1 Barrio El Centro Salama, Baja Verapaz.	08:00:00	+502 23297070	16:00:00	0101000000E37144B9C54A2D4059B533BFE0A056C0	0	https://streetviewpixels-pa.googleapis.com/v1/thumbnail?panoid=O7_4mPgvrnDWVBviUQx27g&cb_client=search.gws-prod.gps&w=408&h=240&yaw=304.041&pitch=0&thumbfov=100
21	Oficina Tributaria Petén	Avenida Flores a un costado del Teatro Municipal Valentín del Valle Góngora, Ciudad Flores Petén.	08:00:00	+502 23297070	16:00:00	0101000000E43E377369EE30406071D8AB0C7956C0	0	https://lh5.googleusercontent.com/p/AF1QipOXrL1umaaJbHgzGZcyrfliu2pjpu-RxTOQsG79=w408-h306-k-no
24	Delegación Livingston	Calle principal 2do. Nivel Edificio Municipal Livingston, Izabal.	08:00:00	+502 23297070	16:00:00	0101000000212E0D30D5772F40ABA38D49BA2656C0	0	https://lh5.googleusercontent.com/p/AF1QipPViMSytNdV36kk9z4-D22ikc60ZXoijJ75BqvH=w408-h408-k-no
1	Agencia Tributaria Galerías Prima	Calzada Roosevelt 14-82 zona 7, Centro Comercial Galerías Prima, primer Nivel Local 130 Guatemala, Guatemala.	08:00:00	+502 23297070	16:00:00	01010000003D02FBF0CE382D407D56330E0FA156C0	2.4516129032258065	https://lh5.googleusercontent.com/p/AF1QipNdqIDgYkZMfLif8l9VtKf11aleDSCi7JXc4nEI=w408-h544-k-no
\.


--
-- Data for Name: messages; Type: TABLE DATA; Schema: public; Owner: postgres
--

COPY public.messages (content, date, pi, conversation_id, id_message) FROM stdin;
Hola mundo	2024-04-19	3620515420102	1	1
Adios Mundo	2024-04-20	11221121212	2	2
Hola	2024-05-09	3620515420102	2	4
hola	2024-05-09	3620515420102	1	5
hola mundo desde comentarios	2024-05-10	3620515420101	1	6
hola	2024-05-10	3620515420101	\N	7
Buen servicio. Me gusto mucho	2024-05-10	3620515420101	\N	8
Buen servicio. Me gusto mucho	2024-05-10	3620515420101	\N	9
c	2024-05-10	3620515420101	\N	10
c	2024-05-10	3620515420101	\N	11
a	2024-05-10	3620515420101	13	12
muy buen lugar	2024-05-10	3620515420101	13	13
me encanto el lugar	2024-05-10	3620515420101	13	14
L\n	2024-05-10	3620515420101	35	15
a	2024-05-10	3620515420101	1	16
j	2024-05-10	3620515420101	1	17
T pose	2024-05-24	12345	1	18
\.


--
-- Data for Name: procedures; Type: TABLE DATA; Schema: public; Owner: postgres
--

COPY public.procedures (id, name, description, pasos) FROM stdin;
26	Inscripción de Sucursal Empresa Extranjera	Inscripción de Sucursal Empresa Extranjera	\N
27	Inscripción de: Fundación, Otra Entidad Religiosa, Asociación	Inscripción de: Fundación, Otra Entidad Religiosa, Asociación	\N
28	Inscripción de: Fundación, Otra Entidad Religiosa, Asociación Extranjeras	Inscripción de: Fundación, Otra Entidad Religiosa, Asociación Extranjeras	\N
29	Inscripción de NIT Administrativo Jurídico para Entidad Extranjera para la Adquisición de bien Inmueble o mueble (Vehículo terrestre, marítimo o aéreo) empresa/organización (Persona Jurídica)	Inscripción de NIT Administrativo Jurídico para Entidad Extranjera para la Adquisición de bien Inmueble o mueble, empresa/organización	\N
30	Inscripción de Organización No Gubernamental –ONG- inscritas en el Registro de Personas Jurídicas –REPEJU- antes del 3 de agosto 2022	Unico de ONGS antes de 2022 (consulte a la SAT para saber si aplica)	\N
31	Inscripción de Organización No Gubernamental –ONG- inscritas en el Registro de Personas Jurídicas –REPEJU- a partir del 3 de agosto 2022	Unico de ONGS después de 2022 (consulte a la SAT para saber si aplica)	\N
32	Actualización de Actividad Económica por Establecimiento	Actualización de Actividad Económica por Establecimiento	\N
33	Actualización de Afiliaciones	Actualización de Afiliaciones	\N
34	Actualización de Afiliaciones régimen Especial de Contribuyente Agropecuario o Régimen Electrónico Especial de Contribuyente Agropecuario	Actualización de Afiliaciones régimen Especial de Contribuyente Agropecuario o Régimen Electrónico Especial de Contribuyente Agropecuario	\N
35	Actualización de Cambio de Régimen de Pequeño Contribuyente a Régimen Electrónico de Pequeño Contribuyente	Actualización de Cambio de Régimen de Pequeño Contribuyente a Régimen Electrónico de Pequeño Contribuyente	\N
36	Actualización de Condominio o Propiedad Horizontal	Actualización de Condominio o Propiedad Horizontal	\N
37	Actualización de Contrato de Participación	Actualización de Contrato de Participación	\N
38	Actualización de Cooperativa	Actualización de Cooperativa	\N
39	Actualización de Copropiedad para Adquisición de Bienes y Copropiedad de Empresa	Actualización de Copropiedad para Adquisición de Bienes y Copropiedad de Empresa	\N
40	Actualización de Datos de Identificación	Actualización de Datos de Identificación	\N
41	Actualización de Datos de Identificación de Diplomático	Actualización de Datos de Identificación de Diplomático	\N
42	Actualización de Datos, por medio de Agencia Virtual	Actualización de Datos, por medio de Agencia Virtual	\N
43	Actualización de Domicilio Fiscal	Actualización de Domicilio Fiscal	\N
44	Actualización de Entidades del Estado	Actualización de Entidades del Estado	\N
45	Actualización de Federaciones Deportivas	Actualización de Federaciones Deportivas	\N
46	Actualización de NIT Administrativo Jurídico para Entidad Extranjera para la Adquisición de bien Inmueble o mueble (Vehículo terrestre, marítimo o aéreo) empresa/organización (Persona Jurídica)	Actualización de NIT Administrativo Jurídico para Entidad Extranjera para la Adquisición de bien Inmueble o mueble (Vehículo terrestre, marítimo o aéreo) empresa/organización (Persona Jurídica)	\N
47	Actualización de Organización de Padres de Familia	Actualización de Organización de Padres de Familia	\N
48	Actualización de Organizaciones Comunitarias	Actualización de Organizaciones Comunitarias	\N
49	Actualización de Representante de Estado y Organismo Internacional	Actualización de Representante de Estado y Organismo Internacional	\N
50	Actualización de Sociedad de Emprendimiento Razón o Denominación Social	Actualización de Sociedad de Emprendimiento Razón o Denominación Social	\N
51	Actualización de Sociedad de Emprendimiento Representante Legal	Actualización de Sociedad de Emprendimiento Representante Legal	\N
7	Inscripción NIT con Olbigaciones Tributarias	NIT que puede decidir si ser pequeño contribuyente entre otros	{"Escanear y adjuntar los requisitos a la solicitud y presentar los originales en Oficina o Agencia Tributaria al concluir la gestión1.La solicitud de inscripción debe realizarse personalmente1.Como comprobante de complemento de domicilio fiscal o comercial, debes adjuntar factura por los servicios de agua, luz, teléfono línea fija, celular, recibo del IUSI o documento emitido por la Municipalidad que corresponda, no mayor a tres meses de su emisión1.Se te orientará para que imprimas la Constancia de Inscripción y Actualización de Datos en el Registro Tributario Unificado desde tu Agencia Virtual1."}
12	Inscripción de Cooperativa	Inscripción de cooperativa	{"Elaborar los estatutos: Redacta los estatutos que regirán la cooperativa, incluyendo la estructura organizativa y las reglas de funcionamiento.","Realizar la asamblea de constitución: Convoca a los socios fundadores para llevar a cabo la asamblea de constitución, donde se aprobarán los estatutos y se elegirán los órganos de administración.","Registrar la cooperativa: Presenta la documentación requerida ante el Instituto Nacional de Cooperativas (INACOP) para obtener el registro oficial"}
16	Inscripción de Sindicato	Inscripción de Sindicato	{"Reunir al menos 20 trabajadores interesados en formar el sindicato1.","Elaborar los estatutos del sindicato que establezcan los objetivos, principios y funcionamiento1.","Elegir a los dirigentes del sindicato mediante una asamblea de los trabajadores1.","Registrar el sindicato ante el Ministerio de Trabajo y Previsión Social2.","Presentar la documentación requerida para obtener el reconocimiento de la personalidad jurídica y la aprobación de los estatutos3."}
21	Inscripción de Club Deportivo	Inscripción de Club Deportivo	{"0Escanear y adjuntar los requisitos a la solicitud y presentar los originales en Oficina o Agencia Tributaria al concluir la gestión1.","El Representante Legal y el Perito Contador deben tener:\n    Agencia Virtual habilitada.\n    Datos actualizados en el sistema de Registro Tributario Unificado1.","Los documentos deberán adjuntarse a la solicitud de inscripción en formato JPG, PDF o PNG1"}
52	Actualización de Sucursal Empresa Extranjera	Actualización de Sucursal Empresa Extranjera	\N
53	Actualización Datos del Establecimiento	Actualización Datos del Establecimiento	\N
54	Actualización Cambio Actualización de Inscripción de Características como Perito Contador o Contadores Públicos y Auditores	Actualización Cambio Actualización de Inscripción de Características como Perito Contador o Contadores Públicos y Auditores	\N
55	Actualización Cambio de Régimen de Pequeño Contribuyente a Régimen General del Impuesto al Valor Agregado	Actualización Cambio de Régimen de Pequeño Contribuyente a Régimen General del Impuesto al Valor Agregado	\N
56	Actualización Cambio de Régimen General del Impuesto al Valor Agregado a Pequeño Contribuyente	Actualización Cambio de Régimen General del Impuesto al Valor Agregado a Pequeño Contribuyente	\N
57	Actualización del Impuesto Sobre la Renta, Régimen Opcional Simplificado, Opción Pago Directo	Actualización del Impuesto Sobre la Renta, Régimen Opcional Simplificado, Opción Pago Directo	\N
58	Actualización Municipalidades	Guía para el llenado de solicitud de actualización de datos en Agencia Virtual	\N
59	Actualización Iglesia Católica	Actualización Iglesia Católica	\N
60	Actualización Nombramiento o Cambio de Perito Contador	Actualización Nombramiento o Cambio de Perito Contador	\N
61	Actualización o Cancelación de Representante Legal	Actualización o Cancelación de Representante Legal	\N
62	Actualización o Ratificación Anual de Datos	Actualización o Ratificación Anual de Datos	\N
63	Actualización Persona Jurídica no Lucrativa	Actualización Persona Jurídica no Lucrativa	\N
64	Actualización por Aviso de Fallecimiento	Actualización por Aviso de Fallecimiento	\N
65	Actualización Razón, Denominación Social/Nombre de la Entidad	Actualización Razón, Denominación Social/Nombre de la Entidad	\N
66	Cancelación de Representante Legal solicitado por persona individual que finalizó relación laboral con la entidad	Cancelación de Representante Legal solicitado por persona individual que finalizó relación laboral con la entidad	\N
67	Depuración NIT Múltiple	Depuración NIT Múltiple	\N
68	Primera Actualización de Datos de Identificación	Primera Actualización de Datos de Identificación	\N
69	Actualización De Organismos Internacionales, Misiones Diplomáticas Y Consulares, Agencias, Programas Y Proyectos De Cooperación	Actualización De Organismos Internacionales, Misiones Diplomáticas Y Consulares, Agencias, Programas Y Proyectos De Cooperación	\N
70	Actualización Persona Jurídica Lucrativa	Actualización Persona Jurídica Lucrativa	\N
71	Actualización de NIT Administrativo Jurídico para Oficinas de Representación de Bancos Extranjeros Empresa/organización (Persona Jurídica)	Actualización de NIT Administrativo Jurídico para Oficinas de Representación de Bancos Extranjeros Empresa/organización (Persona Jurídica)	\N
72	Cancelación de nombramiento de representante legal de iglesia católica	Cancelación de nombramiento de representante legal de iglesia católica	\N
73	Actualización Fideicomiso y Bien administrado por Fideicomiso	Actualización Fideicomiso y Bien administrado por Fideicomiso	\N
74	Actualización Universidad Privada Empresa/Organización (Persona Jurídica)	Actualización Universidad Privada Empresa/Organización (Persona Jurídica)	\N
75	Actualización Centros Educativos, Centros Educativos Públicos Comunitarios	Actualización Centros Educativos, Centros Educativos Públicos Comunitarios	\N
76	Confederación Deportiva Autónoma de Guatemala	Confederación Deportiva Autónoma de Guatemala	\N
77	Cese de negocios por Prescripción Persona Individual	Cese de negocios por Prescripción Persona Individual	\N
78	Cese de negocios por Prescripción Persona Jurídica	Cese de negocios por Prescripción Persona Jurídica	\N
79	Cese de negocios por Prescripción Persona Individual (En caso de Fallecimiento del contribuyente)	Cese de negocios por Prescripción Persona Individual (En caso de Fallecimiento del contribuyente)	\N
80	Cese de Actividades Persona Jurídica No Lucrativa	Cese de Actividades Persona Jurídica No Lucrativa	\N
81	Cese Temporal de Actividades	Cese Temporal de Actividades	\N
82	Cese de Negocios Inscritos con Actividad Persona Individual	Cese de Negocios Inscritos con Actividad Persona Individual	\N
83	Cese de Negocios Inscritos con Actividad Persona Jurídica	Cese de Negocios Inscritos con Actividad Persona Jurídica	\N
84	Cese de Negocios Inscritos con Actividad (En caso de Fallecimiento del Contribuyente)	Cese de Negocios Inscritos con Actividad (En caso de Fallecimiento del Contribuyente)	\N
85	Cese de NIT Administrativo Jurídico	Cese de NIT Administrativo Jurídico	\N
86	Cese de Copropiedad de Bienes y/o Derechos	Cese de Copropiedad de Bienes y/o Derechos	\N
87	Cese de Actividades de Negocios por Fusión	Cese de Actividades por Fusión	\N
88	Cese de Actividades de Fideicomisos	Cese de Actividades de Fideicomisos	\N
89	Cese de Actividades de Negocios Inscritos sin Autorización del Contribuyente	Cese de Actividades de Negocios Inscritos sin Autorización del Contribuyente	\N
90	Habilitación de Actividades con cancelación temporal	Habilitación de Actividades con cancelación temporal	\N
91	Tercera Persona Autorizada en Gestiones de RTU	Aplica unicamente cuando una persona tiene un RTU propio	\N
92	Solicitud Facilidades de Pago Web	Solicitud Facilidades de Pago Web	\N
93	Solicitud Facilidad de pago	Solicitud Facilidad de pago	\N
94	Inscripción en el Registro de Productores de productos Agropecuarios, Artesanales y Reciclados	Inscripción en el Registro de Productores de productos Agropecuarios, Artesanales y Reciclados	\N
95	Modificación de datos en el Registro de Productores de Productos Agropecuarios, Artesanales y Reciclados	Modificación de datos en el Registro de Productores de Productos Agropecuarios, Artesanales y Reciclados	\N
96	Ratificación de datos en el Registro de Productores de Productos Agropecuarios, Artesanales y Reciclados	Ratificación de datos en el Registro de Productores de Productos Agropecuarios, Artesanales y Reciclados	\N
97	Inactivación en el Registro de Productores de Productos Agropecuarios, Artesanales y Reciclados	Inactivación en el Registro de Productores de Productos Agropecuarios, Artesanales y Reciclados	\N
98	Solvencia Fiscal	Exclisuvo si tiene multas o dinero que tiene que pagar a la SAT, es un proceso para poder aplicar a un perdón de multa o una cuota	\N
99	Habilitación para emisión de CIVA	Habilitación para emisión de CIVA	\N
100	Habilitación para emision de CAIS	Habilitación para emision de CAIS	\N
101	Solicitud de registro de personas exentas del Impuesto a la distribución de petróleo crudo y combustibles derivados del petróleo	Solicitud de registro de personas exentas del Impuesto a la distribución de petróleo crudo y combustibles derivados del petróleo	\N
102	Activación de Usuario de Agencia Virtual a Distancia	Activación de Usuario de Agencia Virtual a Distancia	\N
103	Cambio de Correo Electrónico de Agencia Virtual a Distancia	Cambio de Correo Electrónico de Agencia Virtual a Distancia	\N
104	Cambio de Contraseña de Agencia Virtual a Distancia	Cambio de Contraseña de Agencia Virtual a Distancia	\N
105	Autorización de Facturas y otros documentos de Imprentas en Agencia Virtual	Autorización de Facturas y otros documentos de Imprentas en Agencia Virtual	\N
106	Aviso Anulación de Documentos por el Contribuyente en Agencia Virtual	Aviso Anulación de Documentos por el Contribuyente en Agencia Virtual	\N
107	Anulación de Resolución de Documentos por Impresores en Agencia Virtual	Anulación de Resolución de Documentos por Impresores en Agencia Virtual	\N
108	Cancelación de Máquinas Registradoras en Agencia Virtual	Cancelación de Máquinas Registradoras en Agencia Virtual	\N
109	Autorización de Máquinas en Agencia Virtual	Autorización de Máquinas en Agencia Virtual	\N
110	Activación/Inactivación Imprentas en Agencia Virtual	Activación/Inactivación Imprentas en Agencia Virtual	\N
111	Informe de Servicios de Impresión en Agencia Virtual	Informe de Servicios de Impresión en Agencia Virtual	\N
112	Autorización de Facturas Auto Impresores en Agencia Virtual	Autorización de Facturas Auto Impresores en Agencia Virtual	\N
114	Registro Fiscal de Imprentas en AV	Registro Fiscal de Imprentas en AV	\N
115	Autorización de Documentos y Formularios	Autorización de Documentos y Formularios	\N
116	Autorización de documentos tributarios a pequeños contribuyentes	Autorización de documentos tributarios a pequeños contribuyentes	\N
117	Habilitación de Libros	Habilitación de Libros	\N
118	Registro y Habilitación de Títulos para Ejercer Profesión	Registro y Habilitación de Títulos para Ejercer Profesión	\N
119	Autorización de Documentos para Espectáculos Públicos	Autorización de Documentos para Espectáculos Públicos	\N
120	Traslado y Actualización de Máquina Registradora	Traslado y Actualización de Máquina Registradora	\N
121	Autorización de Sistema Computarizado como Máquina Registradora / Sistema Computarizado Integrado de Contabilidad	Autorización de Sistema Computarizado como Máquina Registradora / Sistema Computarizado Integrado de Contabilidad	\N
122	Autorización de Fabricas de Alcohol y Bebidas Alcohólicas	Autorización de Fabricas de Alcohol y Bebidas Alcohólicas	\N
123	Solicitud de Alcoholes, Bebidas Alcohólicas y Fermentadas	Solicitud de Alcoholes, Bebidas Alcohólicas y Fermentadas	\N
124	Inscripción al Régimen Habitual de Exportaciones	Inscripción al Régimen Habitual de Exportaciones	\N
125	Inscripción al Régimen Especial de Devolución de Crédito Fiscal de IVA por Exportación	Inscripción al Régimen Especial de Devolución de Crédito Fiscal de IVA por Exportación	\N
126	Inscripción al Régimen Optativo de Devolución de Crédito Fiscal de IVA por Exportaciones	Inscripción al Régimen Optativo de Devolución de Crédito Fiscal de IVA por Exportaciones	\N
127	Actualización al Régimen Especial de Devolución de Crédito Fiscal a los Exportadores desde Agencia Virtual	Actualización al Régimen Especial de Devolución de Crédito Fiscal a los Exportadores desde Agencia Virtual	\N
128	Cambio de Régimen Especial al Régimen Optativo de Devolución de Crédito Fiscal de IVA por Exportaciones	Cambio de Régimen Especial al Régimen Optativo de Devolución de Crédito Fiscal de IVA por Exportaciones	\N
129	Cambio de Régimen Optativo al Régimen Especial de Devolución de Crédito Fiscal de IVA por Exportaciones	Cambio de Régimen Optativo al Régimen Especial de Devolución de Crédito Fiscal de IVA por Exportaciones	\N
130	Inscripción de Peritos Contadores	Inscripción de Peritos Contadores	\N
131	Inscripcion de Auditores	Inscripcion de Auditores	\N
132	Inscripción de Contador Público y Auditor para emisión de Dictámenes de Devolución de Crédito Fiscal Régimen Optativo	Inscripción de Contador Público y Auditor para emisión de Dictámenes de Devolución de Crédito Fiscal Régimen Optativo	\N
133	Actualización de Peritos Contadores	Actualización de Peritos Contadores	\N
134	Actualización de Auditores	Actualización de Auditores	\N
135	Actualización de Contador Público y Auditor para emisión de Dictámenes de Devolución de Crédito Fiscal Régimen Optativo	Actualización de Contador Público y Auditor para emisión de Dictámenes de Devolución de Crédito Fiscal Régimen Optativo	\N
136	Registro de Contadores En Agencia Virtual	Registro de Contadores En Agencia Virtual	\N
137	Aviso de Baja como Contador Registrado en Agencia Virtual	Aviso de Baja como Contador Registrado en Agencia Virtual	\N
138	Inscripción / Actualización de Abogado y Notario	Inscripción / Actualización de Abogado y Notario	\N
139	Confirmación de Huella en el Registro de Abogados y Notarios	Confirmación de Huella en el Registro de Abogados y Notarios	\N
140	Venta de Especies Fiscales a Notarios y Patentados	Venta de Especies Fiscales a Notarios y Patentados	\N
141	Activacion de abogados	Activacion de abogados	\N
142	Solicitud de Contribuyentes que presentaron Planillas en el Período que Establece la Ley por Medio del Portal SAT	Solicitud de Contribuyentes que presentaron Planillas en el Período que Establece la Ley por Medio del Portal SAT	\N
143	Emisión de Constancias	Emisión de Constancias	\N
144	Devolución o Compensación de Pagos Duplicados	Devolución o Compensación de Pagos Duplicados	\N
145	Devolución o Compensación de ISR Opcional Mensual, SAT-1311	Devolución o Compensación de ISR Opcional Mensual, SAT-1311	\N
146	Solicitud de Inscripción como Agente de Retención del IVA	Solicitud de Inscripción como Agente de Retención del IVA	\N
147	Solicitud de Acreditamiento en Cuenta de Remanente por Retenciones del Impuesto al Valor Agregado	Solicitud de Acreditamiento en Cuenta de Remanente por Retenciones del Impuesto al Valor Agregado	\N
148	Gestores Tributarios	Gestores Tributarios	\N
1	Cita Controlada	Una cita de consultoria en la SAT	{"Ingresa al portal oficial de la SAT.","Regístrate o inicia sesión con tus datos personales.","Selecciona la opción para agendar una cita.","Elige la fecha y hora disponible que mejor te convenga."}
2	Solicitud Electrónica de NIT	Solicitar el NIT via online	{"Ingresa al portal oficial de la SAT.","Busca la opción “Solicita tu NIT” y selecciona \\"Solicitud de NIT\\".","Ingresa tu correo electrónico y haz clic en \\"Continuar\\".","A tu correo se enviará un código de seguridad y un enlace para continuar el procedimiento.","Ingresa tu código de seguridad y presiona \\"Continuar\\"."}
3	Incripción NIT sin Obligaciona Tributarias	Incripción de NIT donde no se le asignan obligaciones tributarias (estudiantes)	{"Accede al portal oficial de la SAT.","Escanear y adjuntar los requisitos a la solicitud.","Imprimir la Constancia de Datos del Registro Tributario Unificado desde tu Agencia Virtual."}
4	Incripción NIT sin Obligaciones para personas con Discapacidad	Incripción de NIT para gente con discapacidad	{"Escanear y adjuntar los requisitos a la solicitud1.","El mandatario debe tener Agencia Virtual habilitada y datos actualizados en el RTU1.","Adjuntar factura de servicios o documento de la Municipalidad, no mayor a tres meses de emisión1.","Imprimir la Constancia de Datos del RTU desde la Agencia Virtual"}
5	Incripción NIT sin Obligaciones con invalidez física	Incripción de NIT para gente con discapacidad física	{"Escanear y adjuntar los requisitos a la solicitud1.","El mandatario debe tener Agencia Virtual habilitada y datos actualizados en el sistema de Registro Tributario Unificado1.","Adjuntar factura por los servicios de agua, luz, teléfono, celular, recibo del IUSI o documento emitido por la Municipalidad que corresponda, no mayor a tres meses de su emisión1.","Se te orientará para que imprimas la Constancia de Datos del Registro Tributario Unificado desde tu Agencia Virtual1."}
6	Inscripción NIT sin obligaciones para Guatemaltecos Residentes en Extranjero para Adquisición de Bien Inmueble	Solictud de NIT para adquicición de bienes en el extranjero	{"Escanear y adjuntar los requisitos a la solicitud1.","El mandatario debe tener Agencia Virtual habilitada y datos actualizados en el sistema de Registro Tributario Unificado1.","Adjuntar factura por los servicios de agua, luz, teléfono línea fija, celular, recibo del IUSI o documento emitido por la Municipalidad que corresponda, no mayor a tres meses de su emisión1.","Para el caso del mandante, únicamente debe adjuntar en el formulario de inscripción el DPI de ambos lados, vigente1."}
8	Inscripción de Copropiedad	El registro de copropietarios reúne, en un solo lugar, información actualizada de todos los propietarios del condominio	{"Escanear y adjuntar los requisitos a la solicitud y presentar los originales en Oficina o Agencia Tributaria al concluir la gestión1.","El Representante Legal debe cumplir con lo siguiente:\n    Tener Agencia Virtual habilitada.\n    Mantener datos actualizados en el sistema de Registro Tributario Unificado.\n    Tener registros biométricos registrados (impresión dactilar y fotografía).","Los requisitos listados anteriormente se deberán de adjuntar escaneados a la solicitud de inscripción en formato JPG, PDF o PNG1."}
9	Inscripción de Copropiedad por Adquisición de Bienes	Registro de copropietarios cuando se compra el terreno entre 2	{"Escanear y adjuntar los requisitos a la solicitud y presentar los originales en Oficina o Agencia Tributaria al concluir la gestión1.","El Representante Legal debe cumplir con lo siguiente:\n    Tener Agencia Virtual habilitada.\n    Mantener datos actualizados en el sistema de Registro Tributario Unificado.\n    Tener registros biométricos registrados (impresión dactilar y fotografía).","Los requisitos listados anteriormente se deberán de adjuntar escaneados a la solicitud de inscripción en formato JPG, PDF o PNG1."}
10	Inscripción de sociedad	Para crear una Sociedad	{"Accede al portal oficial de la SAT1.","El Representante Legal y el Perito Contador deben tener Agencia Virtual habilitada y datos actualizados en el sistema de Registro Tributario Unificado1.","El Representante Legal debe concluir el proceso de inscripción desde la Agencia Virtual registrando la información complementaria de la sociedad1.","Escanear y adjuntar los requisitos a la solicitud en formato JPG, PDF o PNG1.","La solicitud de Sociedades deberá iniciar a través de la plataforma de e-servicios del Registro Mercantil o bien en la ventanilla habilitada para el efecto en las instalaciones del Registro Mercantil1.","Se te orientará para que imprimas la Constancia de Datos del Registro Tributario Unificado desde tu Agencia Virtual1."}
11	Inscripción de sociedad de emprendimiento	Inscripción de sociedad de emprendimiento	{"Solicitar en el Registro Mercantil una certificación de autorización de uso de la denominación de la sociedad de emprendimiento, pagando el arancel correspondiente1.","Con la certificación autorizada, ingresa al sitio web minegocio.gt1.","Crear una cuenta en la plataforma1.","Selecciona la opción de Sociedades de Emprendimiento para llenar la solicitud de inscripción1.","El sistema genera el contrato una vez finalizado el llenado de campos1.","Suscribir con firma electrónica avanzada el contrato social (los estatutos sociales) por los accionistas1."}
13	Inscripción de fideicomiso	Inscripción para fideicomiso	{"Escanear y adjuntar los requisitos a la solicitud y presentar los originales en Oficina o Agencia Tributaria al concluir la gestión1.","El Representante Legal y el Perito Contador deben tener Agencia Virtual habilitada y datos actualizados en el sistema de Registro Tributario Unificado1.","Los requisitos listados anteriormente se deberán de adjuntar escaneados a la solicitud de inscripción en formato JPG, PDF o PNG1.","Se te orientará para que imprimas la Constancia de Datos del Registro Tributario Unificado desde tu Agencia Virtual1."}
14	Inscripción de Contrato de participación	Es la entrega de un contrato que consiste en la constancia de aportación de bienes servicio, utilidades o pérdidads que resulten de las operaciones de una empresa o giro total de la misma	{"Escanear y adjuntar los requisitos a la solicitud y presentar los originales en Oficina o Agencia Tributaria al concluir la gestión1.","El Representante Legal o Gestor debe cumplir con lo siguiente:\n    Tener Agencia Virtual habilitada.\n    Mantener datos actualizados en el sistema de Registro Tributario Unificado1.","Los requisitos listados anteriormente se deberán de adjuntar escaneados a la solicitud de inscripción en formato JPG, PDF o PNG1."}
15	Inscripción de Condominio o propiedad horizontal	Inscripción de titulo de propiedad o condominio	{"Escanear y adjuntar los requisitos a la solicitud y presentar los originales en Oficina o Agencia Tributaria al concluir la gestión1.","El Representante Legal debe cumplir con lo siguiente:\n    Tener Agencia Virtual habilitada.\n    Mantener datos actualizados en el sistema de Registro Tributario Unificado1.","Los requisitos listados anteriormente se deberán de adjuntar escaneados a la solicitud de inscripción en formato JPG, PDF o PNG1."}
17	Inscripción de Entidad Estatal	Inscripción de Entidad Estatal	{"Escanear y adjuntar los requisitos a la solicitud y presentar los originales en Oficina o Agencia Tributaria al concluir la gestión1.","El Representante Legal y el Perito Contador deben tener Agencia Virtual habilitada y datos actualizados en el sistema de Registro Tributario Unificado1.","Los requisitos listados anteriormente se deberán de adjuntar escaneados a la solicitud de inscripción en formato JPG, PDF o PNG1.","Se te orientará para que imprimas la Constancia de Datos del Registro Tributario Unificado desde tu Agencia Virtual1."}
18	Inscripción de Universidad Privada	Inscripción de Universidad Privada	{"Formar una Sociedad Anónima: Esto es necesario para establecer la entidad legal de la universidad.","Obtener la aprobación de la Superintendencia de Educación Superior: Este paso es crucial para asegurar que la universidad cumpla con los estándares educativos requeridos.","Obtener el permiso de funcionamiento del Ministerio de Educación: Este permiso es esencial para operar legalmente como institución educativa.","Obtener la acreditación de la Comisión Nacional de Acreditación: La acreditación valida la calidad educativa de la universidad.","Registrar la universidad ante el Ministerio de Finanzas: Este registro es necesario para cumplir con las obligaciones fiscales1."}
19	Inscripción de Iglesia Católica	Inscripción de Iglesia Católica	{"Escanear y adjuntar los requisitos a la solicitud y presentar los originales en Oficina o Agencia Tributaria al concluir la gestión1.","El Representante Legal debe tener:\n    Agencia Virtual habilitada.\n    Datos actualizados en el sistema de Registro Tributario Unificado1.","Los requisitos listados anteriormente se deberán de adjuntar escaneados a la solicitud de inscripción en formato JPG, PDF o PNG1."}
20	Inscripción de Municipalidad	Inscripción de Municipalidad	{"Escanear y adjuntar los requisitos a la solicitud y presentar los originales en Oficina o Agencia Tributaria al concluir la gestión1.","El Representante Legal y el Perito Contador deben tener:\n    Agencia Virtual habilitada.\n    Datos actualizados en el sistema de Registro Tributario Unificado1.","Los documentos deberán adjuntarse a la solicitud de inscripción en formato JPG, PDF o PNG1."}
22	Inscripción de Partido Político	Inscripción de Partido Político	{"Formar una junta directiva provisional: Los interesados deben organizar una junta directiva provisional para iniciar el proceso1.","Entregar una solicitud de inscripción: Esta solicitud debe presentarse en el Registro de Ciudadanos del Tribunal Supremo Electoral (TSE)1.","Revisión de la documentación: Una vez aceptada la documentación, pasa a revisión por la Dirección General del Registro de Ciudadanos1.","Aprobación y registro: Después de que el expediente es revisado y aprobado, se considerará al grupo como un partido político nacional1."}
23	Inscripción Comité Cívico Electoral y Comité para la Constitución de Partidos Políticos	Inscripción Comité Cívico Electoral y Comité para la Constitución de Partidos Políticos	{"Escanear y adjuntar los requisitos a la solicitud y presentar los originales en Oficina o Agencia Tributaria al concluir la gestión1.","El Representante Legal y el Perito Contador deben tener Agencia Virtual habilitada y datos actualizados en el sistema de Registro Tributario Unificado1.","Los documentos deberán adjuntarse a la solicitud de inscripción en formato JPG, PDF o PNG1.","Se te orientará para que imprimas la Constancia de Datos del Registro Tributario Unificado desde tu Agencia Virtual1."}
24	Inscripción de Organización de Padres de Familia -OPF-	Inscripción de Organización de Padres de Familia -OPF-	{"Escanear y adjuntar los requisitos a la solicitud y presentar los originales en Oficina o Agencia Tributaria al concluir la gestión1.","El Representante Legal debe cumplir con lo siguiente:\n    Tener Agencia Virtual habilitada.\n    Mantener datos actualizados en el sistema de Registro Tributario Unificado1.","Los documentos deberán adjuntarse a la solicitud de inscripción en formato JPG, PDF o PNG1."}
25	Inscripción de Centros Educativos, Centros Educativos Públicos Comunitarios	Inscripción de Centros Educativos, Centros Educativos Públicos Comunitarios	{"Escanear y adjuntar los requisitos a la solicitud y presentar los originales en Oficina o Agencia Tributaria al concluir la gestión1.","El Representante Legal debe tener:\n    Agencia Virtual habilitada.\n    Datos actualizados en el sistema del Registro Tributario Unificado1.","Los documentos deben adjuntarse a la solicitud de inscripción en formato JPG, PDF o PNG1."}
\.


--
-- Data for Name: proceduresdocuments; Type: TABLE DATA; Schema: public; Owner: postgres
--

COPY public.proceduresdocuments ("Id procedure document", "id preocedure", "id documents") FROM stdin;
1	1	1
2	3	1
3	3	3
4	4	1
5	4	3
6	4	4
7	5	1
8	5	3
9	5	4
10	6	1
11	6	3
12	6	4
13	6	5
14	6	1
15	6	3
16	7	1
17	7	3
18	8	1
19	8	3
20	8	6
21	8	7
22	8	8
23	9	1
24	9	3
25	9	6
26	9	7
27	9	8
28	10	1
29	10	3
30	10	9
31	10	7
32	10	8
33	11	1
34	11	3
35	11	30
36	11	7
37	11	8
38	12	1
39	12	3
40	12	11
41	12	10
42	12	8
43	13	1
44	13	3
45	13	4
46	13	7
47	13	8
48	14	1
49	14	3
50	14	12
51	14	8
52	15	1
53	15	3
54	15	9
55	15	7
56	15	8
57	16	1
58	16	3
59	16	6
60	16	14
61	16	13
62	16	8
63	17	1
64	17	15
65	17	7
66	17	8
67	22	1
68	22	31
69	22	32
70	22	7
71	22	8
72	23	1
73	23	32
74	23	7
75	23	8
76	24	1
77	24	3
78	24	23
79	24	8
80	24	7
81	25	1
82	25	3
83	25	23
84	25	8
85	25	7
86	26	1
87	26	3
88	26	24
89	26	8
90	26	7
\.


--
-- Data for Name: roles; Type: TABLE DATA; Schema: public; Owner: postgres
--

COPY public.roles (id_role, name) FROM stdin;
1	admin
2	usuario_comun
3	empleador
\.


--
-- Data for Name: spatial_ref_sys; Type: TABLE DATA; Schema: public; Owner: postgres
--

COPY public.spatial_ref_sys (srid, auth_name, auth_srid, srtext, proj4text) FROM stdin;
\.


--
-- Data for Name: statistics; Type: TABLE DATA; Schema: public; Owner: postgres
--

COPY public.statistics ("id statistic", "id institution procedure", "time") FROM stdin;
2	1	10:45:00-06
1	1	08:30:00-06
\.


--
-- Data for Name: user_rating; Type: TABLE DATA; Schema: public; Owner: postgres
--

COPY public.user_rating (user_pi, id_institution, rating) FROM stdin;
0000000000000	26	5
11221121212	26	2
3620515420101	1	0
3620515420101	1	0
3620515420101	1	2
3620515420101	1	0
3620515420101	1	0
3620515420101	1	0
3620515420101	1	0
3620515420101	1	5
3620515420101	1	5
3620515420101	1	5
3620515420101	1	5
3620515420101	1	5
3620515420101	1	5
3620515420101	1	5
3620515420101	1	0
3620515420101	13	0
3620515420101	1	0
3620515420101	1	0
3620515420101	1	3
3620515420101	1	3
3620515420101	1	4
12345	35	0
3620515420101	1	0
3620515420101	1	0
3620515420101	1	0
3620515420101	1	4
3620515420101	1	4
3620515420101	1	5
3620515420101	1	4
3620515420101	1	4
3620515420101	1	3
3620515420101	1	3
3620515420101	1	2
\.


--
-- Data for Name: userappointments; Type: TABLE DATA; Schema: public; Owner: postgres
--

COPY public.userappointments (pi, "id appointment", id) FROM stdin;
3620515420101	14	14
3620515420101	15	15
3620515420101	16	16
3620515420101	17	17
3620515420101	18	18
3620515420101	19	19
\.


--
-- Data for Name: userroles; Type: TABLE DATA; Schema: public; Owner: postgres
--

COPY public.userroles (id_user_role, id_role, pi) FROM stdin;
4	2	3620515420101
5	1	0000000000000
6	3	20201440666
7	2	202001112020
8	3	1000000009
9	2	3633834840101
10	3	3620515420102
11	2	2515758571425
12	2	3645181620101
13	2	12345678910
14	2	11221121212
15	2	223334456
16	2	556667789
17	1	3620515420101
18	2	45065004003
19	2	45600000441
20	3	545887880
21	2	3265373737373
22	2	30079899215
23	3	124141416
24	2	12345
25	2	2381707210101
26	2	0123456789
27	2	123456
60	2	3834734839834
61	2	834832838
62	2	9292828122
63	2	103383828
64	2	23873782783
65	2	67172373
66	2	838833823
67	2	565645746778
68	2	929328128
69	2	1232712183272873
70	2	472372347247
71	2	1274083114836
72	2	2042095493734
73	2	1333247311193
74	2	3084654343505
\.


--
-- Data for Name: users; Type: TABLE DATA; Schema: public; Owner: postgres
--

COPY public.users (pi, name, lastname, password, age, type_user) FROM stdin;
3620515420101	Mathew	Cordero	4d186321c1a7f0f354b297e8914ab240	20	usuario_comun
0000000000000	Owner	Owner	fe532554dd01420ba6b56505b4f7b445	100	admin
20201440666	Rodrigo	Polo	9450476b384b32d8ad8b758e76c98a69	20	empleador
202001112020	Rodrigo	Pereida	bb490683dd4aa879f7aa466c0282beb3	42	usuario_comun
1000000009	Pedro	Guzman	81dc9bdb52d04dc20036dbd8313ed055	20	empleador
3633834840101	Staecy	Cordero	bbf2dead374654cbb32a917afd236656	18	usuario_comun
3620515420102	Mathew	Cordero	9450476b384b32d8ad8b758e76c98a69	20	empleador
2515758571425	OTTO	CORDERO	aaca9fb0d87c7da5a36f3dd0585b0c79	49	usuario_comun
3645181620101	Josué	Say	1a1dc91c907325c69271ddf0c944bc72	22	usuario_comun
12345678910	daniel	barillas	417b30ba9f6eb06ce0bdd21527ce7db1	25	usuario_comun
11221121212	brandon	reyes	81dc9bdb52d04dc20036dbd8313ed055	20	usuario_comun
223334456	Jjn	Gyg	71474fbaf681215c9d17f913e07a9305	20	usuario_comun
556667789	Uhbjnjn	Jjjj	14588abacabe029a9cde8dbdcb2d45ea	20	usuario_comun
45065004003	Jorge	Gutierrez	e99a18c428cb38d5f260853678922e03	99	usuario_comun
45600000441	sd	asd	a6be11c879133def33fdb767be80056f	20	usuario_comun
545887880	asfasdfdas	asdfasfd	dbd9b451ba4b91d56290a8f77357bc2e	33	empleador
3265373737373	pedro	guzman	25d55ad283aa400af464c76d713c07ad	20	usuario_comun
30079899215	samuel	tortola	e10adc3949ba59abbe56e057f20f883e	22	usuario_comun
124141416	Carlos	Valladares	267a3c885a0ab920c6608afdfe580cd3	20	empleador
12345	name1	lastname1	202cb962ac59075b964b07152d234b70	18	usuario_comun
2381707480101	Juan	Guzmán	2db2441d95e3dfcbe08ed7ce8cd2d71a	48	
2381707210101	Doris Maria	Mayen Perez	be95e441bbcd9bc5b20d08e223d75af9	49	usuario_comun
0123456789	NameUser1	LastnameUser1	202cb962ac59075b964b07152d234b70	50	usuario_comun
123456	John	Doe	passwordhash	30	usuario_comun
3834734839834	John	Doe	passwordhash	30	usuario_comun
834832838	John	Doe	passwordhash	30	usuario_comun
9292828122	John	Doe	passwordhash	30	usuario_comun
103383828	John	Doe	passwordhash	30	usuario_comun
23873782783	John	Doe	passwordhash	30	usuario_comun
67172373	John	Doe	passwordhash	30	usuario_comun
838833823	John	Doe	passwordhash	30	usuario_comun
565645746778	John	Doe	passwordhash	30	usuario_comun
929328128	John	Doe	passwordhash	30	usuario_comun
1232712183272873	John	Doe	passwordhash	30	usuario_comun
472372347247	John	Doe	passwordhash	30	usuario_comun
1274083114836	John	Doe	passwordhash	30	usuario_comun
2042095493734	John	Doe	passwordhash	30	usuario_comun
1333247311193	John	Doe	passwordhash	30	usuario_comun
3084654343505	John	Doe	passwordhash	30	usuario_comun
\.


--
-- Name: appointments_id_seq; Type: SEQUENCE SET; Schema: public; Owner: postgres
--

SELECT pg_catalog.setval('public.appointments_id_seq', 19, true);


--
-- Name: messages_id_message_seq; Type: SEQUENCE SET; Schema: public; Owner: postgres
--

SELECT pg_catalog.setval('public.messages_id_message_seq', 18, true);


--
-- Name: roles_id_role_seq; Type: SEQUENCE SET; Schema: public; Owner: postgres
--

SELECT pg_catalog.setval('public.roles_id_role_seq', 3, true);


--
-- Name: userappointments_id_seq; Type: SEQUENCE SET; Schema: public; Owner: postgres
--

SELECT pg_catalog.setval('public.userappointments_id_seq', 19, true);


--
-- Name: userroles_id_user_role_seq; Type: SEQUENCE SET; Schema: public; Owner: postgres
--

SELECT pg_catalog.setval('public.userroles_id_user_role_seq', 74, true);


--
-- Name: conversations Conversations_pkey; Type: CONSTRAINT; Schema: public; Owner: postgres
--

ALTER TABLE ONLY public.conversations
    ADD CONSTRAINT "Conversations_pkey" PRIMARY KEY ("id conversation");


--
-- Name: institutionsprocedures InstitutionsProcedures_pkey; Type: CONSTRAINT; Schema: public; Owner: postgres
--

ALTER TABLE ONLY public.institutionsprocedures
    ADD CONSTRAINT "InstitutionsProcedures_pkey" PRIMARY KEY ("id institution procedure");


--
-- Name: proceduresdocuments ProceduresDocuments_pkey; Type: CONSTRAINT; Schema: public; Owner: postgres
--

ALTER TABLE ONLY public.proceduresdocuments
    ADD CONSTRAINT "ProceduresDocuments_pkey" PRIMARY KEY ("Id procedure document");


--
-- Name: procedures Procedures_pkey; Type: CONSTRAINT; Schema: public; Owner: postgres
--

ALTER TABLE ONLY public.procedures
    ADD CONSTRAINT "Procedures_pkey" PRIMARY KEY (id);


--
-- Name: statistics Statistics_pkey; Type: CONSTRAINT; Schema: public; Owner: postgres
--

ALTER TABLE ONLY public.statistics
    ADD CONSTRAINT "Statistics_pkey" PRIMARY KEY ("id statistic");


--
-- Name: appointments appointments_pkey; Type: CONSTRAINT; Schema: public; Owner: postgres
--

ALTER TABLE ONLY public.appointments
    ADD CONSTRAINT appointments_pkey PRIMARY KEY (id);


--
-- Name: documents documents_pkey; Type: CONSTRAINT; Schema: public; Owner: postgres
--

ALTER TABLE ONLY public.documents
    ADD CONSTRAINT documents_pkey PRIMARY KEY (id_document);


--
-- Name: intitutions intitutions_id; Type: CONSTRAINT; Schema: public; Owner: postgres
--

ALTER TABLE ONLY public.intitutions
    ADD CONSTRAINT intitutions_id PRIMARY KEY (id_institutions);


--
-- Name: messages messages_pkey; Type: CONSTRAINT; Schema: public; Owner: postgres
--

ALTER TABLE ONLY public.messages
    ADD CONSTRAINT messages_pkey PRIMARY KEY (id_message);


--
-- Name: roles roles_pkey; Type: CONSTRAINT; Schema: public; Owner: postgres
--

ALTER TABLE ONLY public.roles
    ADD CONSTRAINT roles_pkey PRIMARY KEY (id_role);


--
-- Name: userappointments userappointments_pkey; Type: CONSTRAINT; Schema: public; Owner: postgres
--

ALTER TABLE ONLY public.userappointments
    ADD CONSTRAINT userappointments_pkey PRIMARY KEY (id);


--
-- Name: userroles userroles_pkey; Type: CONSTRAINT; Schema: public; Owner: postgres
--

ALTER TABLE ONLY public.userroles
    ADD CONSTRAINT userroles_pkey PRIMARY KEY (id_user_role);


--
-- Name: users users_pkey; Type: CONSTRAINT; Schema: public; Owner: postgres
--

ALTER TABLE ONLY public.users
    ADD CONSTRAINT users_pkey PRIMARY KEY (pi);


--
-- Name: user_rating new_rating; Type: TRIGGER; Schema: public; Owner: postgres
--

CREATE TRIGGER new_rating AFTER INSERT OR UPDATE ON public.user_rating FOR EACH ROW EXECUTE FUNCTION public.update_rating();


--
-- Name: proceduresdocuments Document id; Type: FK CONSTRAINT; Schema: public; Owner: postgres
--

ALTER TABLE ONLY public.proceduresdocuments
    ADD CONSTRAINT "Document id" FOREIGN KEY ("id documents") REFERENCES public.documents(id_document);


--
-- Name: proceduresdocuments Procedures id; Type: FK CONSTRAINT; Schema: public; Owner: postgres
--

ALTER TABLE ONLY public.proceduresdocuments
    ADD CONSTRAINT "Procedures id" FOREIGN KEY ("id preocedure") REFERENCES public.procedures(id);


--
-- Name: userappointments appointment_fk; Type: FK CONSTRAINT; Schema: public; Owner: postgres
--

ALTER TABLE ONLY public.userappointments
    ADD CONSTRAINT appointment_fk FOREIGN KEY ("id appointment") REFERENCES public.appointments(id) ON DELETE CASCADE;


--
-- Name: conversations conversations_id_institution_fkey; Type: FK CONSTRAINT; Schema: public; Owner: postgres
--

ALTER TABLE ONLY public.conversations
    ADD CONSTRAINT conversations_id_institution_fkey FOREIGN KEY (id_institution) REFERENCES public.intitutions(id_institutions);


--
-- Name: institutionsprocedures id institution; Type: FK CONSTRAINT; Schema: public; Owner: postgres
--

ALTER TABLE ONLY public.institutionsprocedures
    ADD CONSTRAINT "id institution" FOREIGN KEY ("id intitution") REFERENCES public.intitutions(id_institutions);


--
-- Name: statistics id institution procedure; Type: FK CONSTRAINT; Schema: public; Owner: postgres
--

ALTER TABLE ONLY public.statistics
    ADD CONSTRAINT "id institution procedure" FOREIGN KEY ("id institution procedure") REFERENCES public.institutionsprocedures("id institution procedure");


--
-- Name: appointments id institution procedure; Type: FK CONSTRAINT; Schema: public; Owner: postgres
--

ALTER TABLE ONLY public.appointments
    ADD CONSTRAINT "id institution procedure" FOREIGN KEY ("id institution procedure") REFERENCES public.institutionsprocedures("id institution procedure");


--
-- Name: institutionsprocedures id procedure; Type: FK CONSTRAINT; Schema: public; Owner: postgres
--

ALTER TABLE ONLY public.institutionsprocedures
    ADD CONSTRAINT "id procedure" FOREIGN KEY ("id procedure") REFERENCES public.procedures(id);


--
-- Name: userroles id role; Type: FK CONSTRAINT; Schema: public; Owner: postgres
--

ALTER TABLE ONLY public.userroles
    ADD CONSTRAINT "id role" FOREIGN KEY (id_role) REFERENCES public.roles(id_role);


--
-- Name: messages messages_conversation_id_fkey; Type: FK CONSTRAINT; Schema: public; Owner: postgres
--

ALTER TABLE ONLY public.messages
    ADD CONSTRAINT messages_conversation_id_fkey FOREIGN KEY (conversation_id) REFERENCES public.conversations("id conversation");


--
-- Name: messages messages_pi_fkey; Type: FK CONSTRAINT; Schema: public; Owner: postgres
--

ALTER TABLE ONLY public.messages
    ADD CONSTRAINT messages_pi_fkey FOREIGN KEY (pi) REFERENCES public.users(pi);


--
-- Name: userroles pi; Type: FK CONSTRAINT; Schema: public; Owner: postgres
--

ALTER TABLE ONLY public.userroles
    ADD CONSTRAINT pi FOREIGN KEY (pi) REFERENCES public.users(pi);


--
-- Name: userappointments pi; Type: FK CONSTRAINT; Schema: public; Owner: postgres
--

ALTER TABLE ONLY public.userappointments
    ADD CONSTRAINT pi FOREIGN KEY (pi) REFERENCES public.users(pi);


--
-- Name: user_rating user_rating_id_institution_fkey; Type: FK CONSTRAINT; Schema: public; Owner: postgres
--

ALTER TABLE ONLY public.user_rating
    ADD CONSTRAINT user_rating_id_institution_fkey FOREIGN KEY (id_institution) REFERENCES public.intitutions(id_institutions);


--
-- Name: user_rating user_rating_user_pi_fkey; Type: FK CONSTRAINT; Schema: public; Owner: postgres
--

ALTER TABLE ONLY public.user_rating
    ADD CONSTRAINT user_rating_user_pi_fkey FOREIGN KEY (user_pi) REFERENCES public.users(pi);


--
-- Name: userroles userroles_id_role_fkey; Type: FK CONSTRAINT; Schema: public; Owner: postgres
--

ALTER TABLE ONLY public.userroles
    ADD CONSTRAINT userroles_id_role_fkey FOREIGN KEY (id_role) REFERENCES public.roles(id_role);


--
-- Name: userroles userroles_pi_fkey; Type: FK CONSTRAINT; Schema: public; Owner: postgres
--

ALTER TABLE ONLY public.userroles
    ADD CONSTRAINT userroles_pi_fkey FOREIGN KEY (pi) REFERENCES public.users(pi);


--
-- Name: SCHEMA public; Type: ACL; Schema: -; Owner: postgres
--

GRANT USAGE ON SCHEMA public TO reading_user;


--
-- Name: TABLE appointments; Type: ACL; Schema: public; Owner: postgres
--

GRANT ALL ON TABLE public.appointments TO owner;
GRANT SELECT,INSERT,DELETE,UPDATE ON TABLE public.appointments TO juan;


--
-- Name: SEQUENCE appointments_id_seq; Type: ACL; Schema: public; Owner: postgres
--

GRANT SELECT,USAGE ON SEQUENCE public.appointments_id_seq TO PUBLIC;
GRANT ALL ON SEQUENCE public.appointments_id_seq TO juan;


--
-- Name: TABLE conversations; Type: ACL; Schema: public; Owner: postgres
--

GRANT ALL ON TABLE public.conversations TO owner;
GRANT SELECT,INSERT,DELETE,UPDATE ON TABLE public.conversations TO juan;


--
-- Name: TABLE documents; Type: ACL; Schema: public; Owner: postgres
--

GRANT ALL ON TABLE public.documents TO owner;
GRANT SELECT,INSERT,DELETE,UPDATE ON TABLE public.documents TO juan;


--
-- Name: TABLE geography_columns; Type: ACL; Schema: public; Owner: postgres
--

GRANT SELECT,INSERT,DELETE,UPDATE ON TABLE public.geography_columns TO juan;


--
-- Name: TABLE geometry_columns; Type: ACL; Schema: public; Owner: postgres
--

GRANT SELECT,INSERT,DELETE,UPDATE ON TABLE public.geometry_columns TO juan;


--
-- Name: TABLE institutionsprocedures; Type: ACL; Schema: public; Owner: postgres
--

GRANT ALL ON TABLE public.institutionsprocedures TO owner;
GRANT SELECT,INSERT,DELETE,UPDATE ON TABLE public.institutionsprocedures TO juan;


--
-- Name: TABLE intitutions; Type: ACL; Schema: public; Owner: postgres
--

GRANT ALL ON TABLE public.intitutions TO owner;
GRANT SELECT,INSERT,DELETE,UPDATE ON TABLE public.intitutions TO juan;


--
-- Name: TABLE messages; Type: ACL; Schema: public; Owner: postgres
--

GRANT ALL ON TABLE public.messages TO owner;
GRANT SELECT,INSERT,DELETE,UPDATE ON TABLE public.messages TO juan;


--
-- Name: SEQUENCE messages_id_message_seq; Type: ACL; Schema: public; Owner: postgres
--

GRANT ALL ON SEQUENCE public.messages_id_message_seq TO owner;
GRANT ALL ON SEQUENCE public.messages_id_message_seq TO juan;


--
-- Name: TABLE procedures; Type: ACL; Schema: public; Owner: postgres
--

GRANT ALL ON TABLE public.procedures TO owner;
GRANT SELECT,INSERT,DELETE,UPDATE ON TABLE public.procedures TO juan;


--
-- Name: TABLE proceduresdocuments; Type: ACL; Schema: public; Owner: postgres
--

GRANT ALL ON TABLE public.proceduresdocuments TO owner;
GRANT SELECT,INSERT,DELETE,UPDATE ON TABLE public.proceduresdocuments TO juan;


--
-- Name: TABLE roles; Type: ACL; Schema: public; Owner: postgres
--

GRANT SELECT ON TABLE public.roles TO reading_user;
GRANT ALL ON TABLE public.roles TO owner;
GRANT SELECT,INSERT,DELETE,UPDATE ON TABLE public.roles TO juan;


--
-- Name: SEQUENCE roles_id_role_seq; Type: ACL; Schema: public; Owner: postgres
--

GRANT ALL ON SEQUENCE public.roles_id_role_seq TO juan;


--
-- Name: TABLE spatial_ref_sys; Type: ACL; Schema: public; Owner: postgres
--

GRANT SELECT,INSERT,DELETE,UPDATE ON TABLE public.spatial_ref_sys TO juan;


--
-- Name: TABLE statistics; Type: ACL; Schema: public; Owner: postgres
--

GRANT ALL ON TABLE public.statistics TO owner;
GRANT SELECT,INSERT,DELETE,UPDATE ON TABLE public.statistics TO juan;


--
-- Name: TABLE user_rating; Type: ACL; Schema: public; Owner: postgres
--

GRANT ALL ON TABLE public.user_rating TO owner;
GRANT SELECT,INSERT,DELETE,UPDATE ON TABLE public.user_rating TO juan;


--
-- Name: TABLE userappointments; Type: ACL; Schema: public; Owner: postgres
--

GRANT ALL ON TABLE public.userappointments TO owner;
GRANT SELECT,INSERT,DELETE,UPDATE ON TABLE public.userappointments TO juan;


--
-- Name: SEQUENCE userappointments_id_seq; Type: ACL; Schema: public; Owner: postgres
--

GRANT SELECT,USAGE ON SEQUENCE public.userappointments_id_seq TO PUBLIC;
GRANT ALL ON SEQUENCE public.userappointments_id_seq TO juan;


--
-- Name: TABLE userroles; Type: ACL; Schema: public; Owner: postgres
--

GRANT SELECT ON TABLE public.userroles TO reading_user;
GRANT ALL ON TABLE public.userroles TO owner;
GRANT SELECT,INSERT,DELETE,UPDATE ON TABLE public.userroles TO juan;


--
-- Name: SEQUENCE userroles_id_user_role_seq; Type: ACL; Schema: public; Owner: postgres
--

GRANT SELECT,USAGE ON SEQUENCE public.userroles_id_user_role_seq TO owner;
GRANT ALL ON SEQUENCE public.userroles_id_user_role_seq TO juan;


--
-- Name: TABLE users; Type: ACL; Schema: public; Owner: postgres
--

GRANT SELECT ON TABLE public.users TO reading_user;
GRANT ALL ON TABLE public.users TO owner;
GRANT SELECT,INSERT,DELETE,UPDATE ON TABLE public.users TO juan;


--
-- PostgreSQL database dump complete
--

